Module;Jour
TRAN3;21/09/2026
TRAN3;22/09/2026
MGTAL22;25/09/2026
MGTAL22;23/10/2026
TRLV3;20/11/2026
TRENGN5 + MGTMPAA;11/12/2026
TRLV3;15/01/2027
MGTAL21;05/02/2027
TRLV3;05/03/2027
MGTAL21;05/04/2027
MGTMPAA+TRPPR03;09/04/2027
TRLV3;14/05/2027
MGTMPAA+TRPPR03;11/06/2027
TRLV3;09/07/2027
TRPPRO3;16/08/2027
MGTMPAA+TRENGN5;20/08/2027
MGTMPAC;16/09/2027
TRBIL3;17/09/2027
TRLV3;19/11/2027
INFAL204+MGTMPAB;22/10/2027
MGTAL21;10/12/2027
MGTAL22;11/02/2028
TRLV3;10/03/2028
TRLV3;14/04/2028
MGTMPAB+TRPPR03;19/05/2028
MGTAL22;12/06/2028
TRLV3;16/06/2028
MGTAL21;21/08/2028
TRLV3;25/08/2028
MGTMPAB;11/09/2028
MGTMPAB;15/09/2028
TRPPRO3;09/10/2028
MGTMPAC;11/10/2028
MGTMPAC;12/10/2028
TRBIL3;13/10/2028
TRPPRO3+TRENGN5;28/07/2028
