Jour,Module
21/09/2026,TRAN3
22/09/2026,TRAN3
23/09/2026,INFAL147
24/09/2026,INFAL147
25/09/2026,MGTAL22
19/10/2026,INFAL135
20/10/2026,INFAL135
21/10/2026,INFAL135
22/10/2026,INFAL135
23/10/2026,MGTAL22
16/11/2026,INF164
17/11/2026,INF164
18/11/2026,INFAL148
19/11/2026,INFDIPC1
20/11/2026,TRLV3
07/12/2026,INF161
08/12/2026,INF161
09/12/2026,INF161
10/12/2026,INF161
11/12/2026,TRENGN5 + MGTMPAA
11/01/2027,INF165
12/01/2027,INF165
13/01/2027,INF165
14/01/2027,INF165
15/01/2027,TRLV3
01/02/2027,INFDIPC1
02/02/2027,INFAL149
03/02/2027,INFAL149
04/02/2027,INFDIPC1
05/02/2027,MGTAL21
01/03/2027,INFDIPC1
02/03/2027,INFDI1V
03/03/2027,INFAL161
04/03/2027,TRCODEV3
05/03/2027,TRLV3
05/04/2027,MGTAL21
06/04/2027,INFAL129
07/04/2027,INFAL129
08/04/2027,INFAL129
09/04/2027,MGTMPAA+TRPPR03
10/05/2027,INFAL129
11/05/2027,INF218
12/05/2027,INF218
13/05/2027,INFAL162
14/05/2027,TRLV3
07/06/2027,INFAL119
08/06/2027,INFAL119
09/06/2027,INF218
10/06/2027,INF218
11/06/2027,MGTMPAA+TRPPR03
05/07/2027,INFAL158
06/07/2027,INFAL158
07/07/2027,INFAL158
08/07/2027,INFAL158
09/07/2027,TRLV3
16/08/2027,TRPPRO3
17/08/2027,INFAL162
18/08/2027,INFAL162
19/08/2027,INFDIPC2
20/08/2027,MGTMPAA+TRENGN5
13/09/2027,INFDIPC2
14/09/2027,INFDI2V
15/09/2027,TRCODEV3
16/09/2027,MGTMPAC
17/09/2027,TRBIL3
18/10/2027,INFAL173
19/10/2027,INFAL173
20/10/2027,INFAL173
21/10/2027,INFAL173
22/10/2027,INFAL204+MGTMPAB
15/11/2027,INFAL173
16/11/2027,INF166
17/11/2027,INF166
18/11/2027,INF166
19/11/2027,TRLV3
06/12/2027,INF166
07/12/2027,INF166
08/12/2027,INF166
09/12/2027,INFAL175
10/12/2027,MGTAL21
10/01/2028,INFAL174
11/01/2028,INFAL155
12/01/2028,INFAL155
13/01/2028,INFAL155
14/01/2028,TRCODEV3
07/02/2028,INFAL132
08/02/2028,INFAL132
09/02/2028,INFAL132
10/02/2028,INFAL132
11/02/2028,MGTAL22
06/03/2028,INFAL132
07/03/2028,INF167
08/03/2028,INF167
09/03/2028,INF167
10/03/2028,TRLV3
10/04/2028,INFAL175
11/04/2028,INFAL175
12/04/2028,INFDIPC3
13/04/2028,INFDIPC3
14/04/2028,TRLV3
15/05/2028,INFDIPC3
16/05/2028,INFDI3V
17/05/2028,INFAL241
18/05/2028,INFAL241
19/05/2028,MGTMPAB+TRPPR03
12/06/2028,MGTAL22
13/06/2028,INFAL126
14/06/2028,INFAL126
15/06/2028,INFAL242
16/06/2028,TRLV3
24/07/2028,INFAL242
25/07/2028,INFAL242
26/07/2028,INFAL242
27/07/2028,INFDIPC4
28/07/2028,TRPPRO3+TRENGN5
21/08/2028,MGTAL21
22/08/2028,INFAL176
23/08/2028,INFAL177
24/08/2028,INFDIPC4
25/08/2028,TRLV3
11/09/2028,MGTMPAB
12/09/2028,INFDIPC4
13/09/2028,INFDIPC4
14/09/2028,INFDI4V
15/09/2028,MGTMPAB
09/10/2028,TRPPRO3
10/10/2028,TRCODEV3
11/10/2028,MGTMPAC
12/10/2028,MGTMPAC
13/10/2028,TRBIL3
